Driver_Race,Consistency_Race,Style_Race,Technical_Race,Pace_Race,PerformanceIndex_Race,Consistency_Qual,Style_Qual,Technical_Qual,Pace_Qual,PerformanceIndex_Qual,GrandPrix,Round,Year,QualifyingPosition,RaceFinishPosition
HAM,0.31725755694120217,0.2412889489730764,0.5462217334168635,0.8529411764705883,0.4894273539504326,0.1372525489753369,0.4819992569601652,0.6061394258806581,0.875,0.52509780795404,Canadian Grand Prix,10,2025,5,6
LEC,0.192881176914259,0.09583825043169902,0.3013321677418741,0.8823529411764706,0.3681011340660757,0.08831025214236754,0.1588881871608816,0.3088216508061097,0.78125,0.3343175225273397,Canadian Grand Prix,10,2025,8,5
NOR,1.0,0.9233532635809235,0.5941354825030496,0.5,0.7543721865209932,0.3300377045371885,0.967393093722733,0.6065788036866218,0.8125,0.6791274004866359,Canadian Grand Prix,10,2025,7,18
PIA,0.05791156335297798,0.29355156946731165,0.3216127356578147,0.9117647058823529,0.3962101435901143,0.0,0.5012479797731572,0.7248572217047762,0.9375,0.5409013003694834,Canadian Grand Prix,10,2025,3,4
RUS,0.0,0.5000000000000001,0.7899366778724206,1.0,0.5724841694681052,1.0,0.23088308010687075,0.45644651249033497,1.0,0.6718323981493015,Canadian Grand Prix,10,2025,1,1
SAI,0.14012830953849154,0.4887771003411455,0.21151713130893768,0.7352941176470589,0.3939291647089084,0.3654114381612863,0.38755763207166505,0.18943578983112208,0.5,0.3606012150160184,Canadian Grand Prix,10,2025,17,10
VER,0.022734015125598472,0.26188730472696886,0.34590420770366404,0.9705882352941176,0.4002784407125872,0.5117451358707905,0.4409771834221654,0.5484725075100969,0.96875,0.6174862067007632,Canadian Grand Prix,10,2025,2,2
